{"cameraMode":{"drawMode":0,"name":"Shaded","section":"Shading Mode"},"sceneLighting":true,"audioPlay":false,"sceneViewState":{"showFog":true,"showMaterialUpdate":false,"showSkybox":true,"showFlares":true,"showImageEffects":true,"showParticleSystems":true},"in2DMode":false,"pivot":{"x":1.9379761219024659,"y":3.677750825881958,"z":-4.170886516571045},"rotation":{"x":-0.08197735995054245,"y":-0.37234169244766238,"z":0.03303854167461395,"w":-0.923877477645874},"size":0.15688449144363404,"orthographic":false}